Group,Experiment,Problem Space,*TP(s^-1) Mean,tAll(ms) Mean,tAll(ms) Min,tAll(ms) Max,tPer(us) Mean,
launchKernel,nullkernel,1,202637,0.004992,0.004096,0.006144,4.992,
launchKernel,nullkernel,10,498561,0.0200704,0.019456,0.02048,2.00704,
launchKernel,nullkernel,100,585711,0.170854,0.166912,0.197632,1.70854,
launchKernel,nullkernel,1000,607324,1.6469,1.62304,1.6937,1.6469,
launchKernel,nullAndRecord,1,120036,0.0083456,0.008192,0.009216,8.3456,
launchKernel,nullAndRecord,10,199427,0.0501504,0.049152,0.0512,5.01504,
launchKernel,nullAndRecord,100,213201,0.469043,0.46592,0.472064,4.69043,
launchKernel,nullAndRecord,1000,213611,4.68145,4.6336,4.69299,4.68145,
