Group,Experiment,Problem Space,*TP(s^-1) Mean,tAll(ms) Mean,tAll(ms) Min,tAll(ms) Max,tPer(us) Mean,
launchKernel,nullkernel,1,120581,0.0083752,0.006368,0.011296,8.3752,
launchKernel,nullkernel,10,215238,0.046492,0.044096,0.05056,4.6492,
launchKernel,nullkernel,100,247765,0.40453,0.385408,0.473024,4.0453,
launchKernel,nullkernel,1000,256176,3.90378,3.84838,3.97638,3.90378,
launchKernel,nullAndRecord,1,76711.1,0.0130608,0.012,0.01552,13.0608,
launchKernel,nullAndRecord,10,117468,0.0851904,0.082208,0.096928,8.51904,
launchKernel,nullAndRecord,100,124512,0.803325,0.785504,0.835136,8.03325,
launchKernel,nullAndRecord,1000,124491,8.03352,7.87299,8.1976,8.03352,
