Group,Experiment,Problem Space,*TP(s^-1) Mean,tAll(ms) Mean,tAll(ms) Min,tAll(ms) Max,tPer(us) Mean,
launchKernel,nullkernel,1,88619.2,0.0146981,0.00956,0.086171,14.6981,
launchKernel,nullkernel,10,277992,0.0372856,0.032641,0.064181,3.72856,
launchKernel,nullkernel,100,342911,0.294651,0.272483,0.427725,2.94651,
launchKernel,nullkernel,1000,358765,2.78738,2.76879,2.82345,2.78738,
launchKernel,nullAndRecord,1,29757.6,0.0337594,0.032121,0.040641,33.7594,
launchKernel,nullAndRecord,10,89831.5,0.111819,0.101762,0.145722,11.1819,
launchKernel,nullAndRecord,100,123324,0.813333,0.78789,1.05621,8.13334,
launchKernel,nullAndRecord,1000,128849,7.76921,7.62834,8.84683,7.76921,
