Group,Experiment,Problem Space,Fd* Mean,Fc* Mean,Td(ms) Mean,Tc(ms) Mean,
resouce,stream,1,294640,445700,0.00342535,0.00253002,
resouce,stream,2,338044,581307,0.00296423,0.00198785,
resouce,stream,4,367911,698264,0.00272214,0.00175172,
resouce,stream,8,385743,773905,0.00259911,0.00146016,
resouce,stream,16,392588,769964,0.00255323,0.00140274,
resouce,stream,32,390451,722104,0.0025644,0.00139649,
resouce,stream,64,390386,735915,0.00256532,0.00143058,
