Group,Experiment,Problem Space,*TP(s^-1) Mean,tAll(ms) Mean,tAll(ms) Min,tAll(ms) Max,tPer(us) Mean,
launchKernel,nullkernel,1,191244,0.0053872,0.004576,0.010944,5.3872,
launchKernel,nullkernel,10,424276,0.0237304,0.022496,0.034144,2.37304,
launchKernel,nullkernel,100,494417,0.202318,0.196704,0.208896,2.02318,
launchKernel,nullkernel,1000,504160,1.98406,1.93555,2.1017,1.98406,
launchKernel,nullAndRecord,1,113703,0.00888,0.007808,0.015264,8.88,
launchKernel,nullAndRecord,10,185170,0.0540384,0.05248,0.061952,5.40384,
launchKernel,nullAndRecord,100,198406,0.504043,0.49488,0.512576,5.04043,
launchKernel,nullAndRecord,1000,200067,4.99848,4.93334,5.05962,4.99848,
